human_line,YOLO line,ModelB line,YOLO error,ModelB error
318.0,349.0,348.5727459192276,31.0,30.5727459192276
317.0,349.0,330.39636421203613,32.0,13.396364212036133
326.0,349.0,317.10594749450684,23.0,8.894052505493164
324.0,346.0,322.9709987640381,22.0,1.029001235961914
311.0,344.0,320.9714012145996,33.0,9.97140121459961
316.0,344.0,311.0,28.0,5.0
316.0,346.0,317.99979972839355,30.0,1.9997997283935547
314.0,346.0,317.99979972839355,32.0,3.9997997283935547
312.0,345.0,313.03328704833984,33.0,1.0332870483398438
317.0,344.0,312.03319358825684,27.0,4.966806411743164
316.0,344.0,316.99790382385254,28.0,0.9979038238525391
311.0,344.0,316.99728775024414,33.0,5.997287750244141
311.0,344.0,311.5396308898926,33.0,0.5396308898925781
312.0,346.0,313.5362358093262,34.0,1.5362358093261719
311.0,340.0,307.5406684875488,29.0,3.459331512451172
311.0,340.0,310.5182189941406,29.0,0.481781005859375
309.0,339.0,309.51609992980957,30.0,0.5160999298095703
312.0,339.0,309.51609992980957,27.0,2.4839000701904297
307.0,338.0,308.51552963256836,31.0,1.5155296325683594
305.0,339.0,309.516019821167,34.0,4.516019821166992
304.0,339.0,305.7162284851074,35.0,1.7162284851074219
307.0,338.0,304.71713638305664,31.0,2.2828636169433594
308.0,338.0,304.71713638305664,30.0,3.2828636169433594
304.0,333.0,302.43423080444336,29.0,1.5657691955566406
305.0,333.0,302.43975830078125,28.0,2.56024169921875
305.0,333.0,302.43975830078125,28.0,2.56024169921875
300.0,331.0,300.4407711029053,31.0,0.44077110290527344
305.0,331.0,300.4407711029053,26.0,4.559228897094727
304.0,331.0,304.98424911499023,27.0,0.9842491149902344
298.0,331.0,304.9842071533203,33.0,6.9842071533203125
308.0,331.0,298.3050003051758,23.0,9.694999694824219
298.0,328.0,305.00124740600586,30.0,7.001247406005859
299.0,328.0,297.9998722076416,29.0,1.0001277923583984
303.0,325.0,295.0013904571533,22.0,7.99860954284668
295.0,325.0,303.00000190734863,30.0,8.000001907348633
300.0,323.0,293.0000190734863,23.0,6.999980926513672
294.0,322.0,299.00127601623535,28.0,5.001276016235352
292.0,322.0,294.047550201416,30.0,2.0475502014160156
294.0,320.0,292.0494384765625,26.0,1.9505615234375
296.0,320.0,292.0494384765625,24.0,3.9505615234375
295.0,320.0,295.97507095336914,25.0,0.9750709533691406
294.0,320.0,295.97327423095703,26.0,1.9732742309570312
291.0,320.0,295.97327423095703,29.0,4.973274230957031
294.0,319.0,290.69298362731934,25.0,3.307016372680664
292.0,319.0,293.772008895874,27.0,1.7720088958740234
298.0,317.0,291.76935386657715,19.0,6.230646133422852
292.0,316.0,296.999662399292,24.0,4.999662399291992
292.0,316.0,292.02732849121094,24.0,0.0273284912109375
296.0,316.0,292.02406120300293,20.0,3.9759387969970703
294.0,316.0,295.9974594116211,22.0,1.9974594116210938
287.0,318.0,297.99818229675293,31.0,10.99818229675293
288.0,317.0,285.9964370727539,29.0,2.0035629272460938
285.0,317.0,285.9964370727539,32.0,0.9964370727539062
288.0,318.0,286.9932403564453,30.0,1.0067596435546875
286.0,318.0,286.9932403564453,32.0,0.9932403564453125
287.0,318.0,286.99146270751953,31.0,0.00853729248046875
288.0,315.0,283.9913692474365,27.0,4.008630752563477
286.0,315.0,287.9977226257324,29.0,1.9977226257324219
288.0,316.0,288.99462127685547,28.0,0.9946212768554688
286.0,316.0,288.99462127685547,30.0,2.9946212768554688
286.0,315.0,287.9941463470459,29.0,1.9941463470458984
287.0,314.0,286.9912624359131,27.0,0.008737564086914062
285.0,314.0,286.9912624359131,29.0,1.991262435913086
288.0,312.0,284.99338150024414,24.0,3.0066184997558594
285.0,312.0,287.9000949859619,27.0,2.900094985961914
282.0,313.0,288.8997001647949,31.0,6.899700164794922
282.0,313.0,282.2632293701172,31.0,0.2632293701171875
287.0,313.0,282.2632293701172,26.0,4.7367706298828125
283.0,313.0,286.9919681549072,30.0,3.9919681549072266
281.0,313.0,283.8734874725342,32.0,2.8734874725341797
282.0,314.0,284.8708019256592,32.0,2.8708019256591797
282.0,315.0,285.871150970459,33.0,3.8711509704589844
279.0,315.0,282.8197937011719,36.0,3.819793701171875
274.0,315.0,279.9635429382324,41.0,5.963542938232422
279.0,315.0,274.78883361816406,36.0,4.2111663818359375
273.0,314.0,277.73300552368164,41.0,4.733005523681641
275.0,314.0,273.83052825927734,39.0,1.1694717407226562
283.0,314.0,273.83052825927734,31.0,9.169471740722656
272.0,312.0,281.0005741119385,40.0,9.000574111938477
277.0,312.0,271.99929428100586,35.0,5.000705718994141
275.0,313.0,277.9879570007324,38.0,2.987957000732422
282.0,313.0,277.99052810668945,31.0,4.009471893310547
278.0,313.0,281.9472541809082,35.0,3.947254180908203
265.0,311.0,276.91003799438477,46.0,11.910037994384766
277.0,311.0,264.9980888366699,34.0,12.001911163330078
282.0,311.0,276.9936408996582,29.0,5.006359100341797
279.0,311.0,281.99970054626465,32.0,2.9997005462646484
272.0,311.0,281.99970054626465,39.0,9.999700546264648
291.0,311.0,271.99805450439453,20.0,19.00194549560547
283.0,311.0,290.738245010376,28.0,7.738245010375977
283.0,311.0,282.9992866516113,28.0,0.000713348388671875
274.0,310.0,282.0010166168213,36.0,8.001016616821289
281.0,310.0,274.0,29.0,7.0
275.0,310.0,281.00029945373535,35.0,6.000299453735352
281.0,310.0,275.0127372741699,29.0,5.987262725830078
282.0,309.0,279.99893379211426,27.0,2.001066207885742
286.0,308.0,278.9995574951172,22.0,7.0004425048828125
286.0,308.0,286.0,22.0,0.0
283.0,308.0,286.00098037719727,25.0,3.0009803771972656
283.0,308.0,283.0231246948242,25.0,0.02312469482421875
285.0,308.0,283.02279472351074,23.0,1.9772052764892578
290.0,306.0,279.774133682251,16.0,10.225866317749023
285.0,306.0,290.0351390838623,21.0,5.035139083862305
285.0,307.0,286.89900970458984,22.0,1.8990097045898438
288.0,307.0,286.89900970458984,19.0,1.1009902954101562
287.0,322.0,301.89452743530273,35.0,14.894527435302734
291.0,323.0,287.9998474121094,32.0,3.000152587890625
294.0,323.0,290.9997787475586,29.0,3.0002212524414062
292.0,319.0,289.8761177062988,27.0,2.123882293701172
292.0,319.0,289.8761177062988,27.0,2.123882293701172
295.0,324.0,294.8786201477051,29.0,0.12137985229492188
295.0,323.0,293.8864440917969,28.0,1.113555908203125
296.0,323.0,293.8864440917969,27.0,2.113555908203125
298.0,325.0,295.88875579833984,27.0,2.1112442016601562
298.0,325.0,295.88875579833984,27.0,2.1112442016601562
305.0,337.0,307.88490104675293,32.0,2.8849010467529297
308.0,337.0,307.89029693603516,29.0,0.10970306396484375
304.0,337.0,307.89029693603516,33.0,3.8902969360351562
307.0,340.0,307.72769927978516,33.0,0.7276992797851562
307.0,340.0,307.72769927978516,33.0,0.7276992797851562
309.0,343.0,310.72975158691406,34.0,1.7297515869140625
313.0,346.0,313.7288360595703,33.0,0.7288360595703125
313.0,346.0,313.7288360595703,33.0,0.7288360595703125
318.0,349.0,316.7270698547363,31.0,1.2729301452636719
320.0,349.0,316.7270698547363,29.0,3.272930145263672
320.0,352.0,322.62629890441895,32.0,2.6262989044189453
324.0,354.0,324.6233158111572,30.0,0.6233158111572266
324.0,354.0,324.6233158111572,30.0,0.6233158111572266
330.0,358.0,327.560604095459,28.0,2.4393959045410156
330.0,358.0,327.560604095459,28.0,2.4393959045410156
330.0,362.0,332.6199836730957,32.0,2.619983673095703
333.0,362.0,332.6199836730957,29.0,0.3800163269042969
331.0,363.0,333.6150760650635,32.0,2.6150760650634766
336.0,368.0,338.61238861083984,32.0,2.6123886108398438
338.0,368.0,338.61238861083984,30.0,0.6123886108398438
333.0,369.0,339.6105766296387,36.0,6.610576629638672
342.0,369.0,333.5384101867676,27.0,8.461589813232422
338.0,373.0,345.99365615844727,35.0,7.993656158447266
344.0,374.0,338.9975166320801,30.0,5.002483367919922
338.0,374.0,343.9990348815918,36.0,5.999034881591797
343.0,376.0,340.4503936767578,33.0,2.5496063232421875
342.0,376.0,340.4503936767578,34.0,1.5496063232421875
342.0,380.0,344.44482421875,38.0,2.44482421875
346.0,380.0,344.4447784423828,34.0,1.5552215576171875
340.0,380.0,344.4447784423828,40.0,4.4447784423828125
347.0,381.0,341.8292999267578,34.0,5.1707000732421875
348.0,381.0,346.9868049621582,33.0,1.0131950378417969
351.0,382.0,347.98619079589844,31.0,3.0138092041015625
352.0,384.0,352.4813632965088,32.0,0.48136329650878906
347.0,384.0,352.4813632965088,37.0,5.481363296508789
348.0,385.0,348.67906188964844,37.0,0.6790618896484375
343.0,385.0,348.67906188964844,42.0,5.6790618896484375
349.0,384.0,342.79317474365234,35.0,6.206825256347656
353.0,386.0,350.9975700378418,33.0,2.002429962158203
352.0,386.0,350.9975700378418,34.0,1.0024299621582031
349.0,385.0,349.99608993530273,36.0,0.9960899353027344
352.0,385.0,349.99608993530273,33.0,2.0039100646972656
352.0,383.0,347.99388122558594,31.0,4.0061187744140625
353.0,383.0,351.9788475036621,30.0,1.0211524963378906
346.0,383.0,351.9788475036621,37.0,5.978847503662109
352.0,383.0,346.61626052856445,31.0,5.383739471435547
353.0,383.0,351.9970531463623,30.0,1.0029468536376953
352.0,382.0,350.9975814819336,30.0,1.0024185180664062
349.0,384.0,352.9950485229492,35.0,3.9950485229492188
351.0,384.0,350.0283966064453,33.0,0.9716033935546875
351.0,385.0,351.0241584777832,34.0,0.024158477783203125
349.0,385.0,351.0241584777832,36.0,2.024158477783203
355.0,387.0,353.0168571472168,32.0,1.9831428527832031
360.0,388.0,354.0132255554199,28.0,5.986774444580078
360.0,388.0,359.99998474121094,28.0,1.52587890625e-05
356.0,389.0,360.9985885620117,33.0,4.998588562011719
359.0,389.0,356.4733238220215,30.0,2.5266761779785156
355.0,392.0,359.4664497375488,37.0,4.466449737548828
362.0,391.0,354.7553291320801,29.0,7.244670867919922
360.0,391.0,361.99999618530273,31.0,1.9999961853027344
356.0,392.0,362.9994239807129,36.0,6.999423980712891
360.0,392.0,356.01365661621094,32.0,3.9863433837890625
364.0,403.0,370.87854766845703,39.0,6.878547668457031
364.0,402.0,363.47787857055664,38.0,0.5221214294433594
359.0,402.0,363.47787857055664,43.0,4.477878570556641
362.0,404.0,361.88806915283203,42.0,0.11193084716796875
365.0,404.0,361.88806915283203,39.0,3.1119308471679688
357.0,405.0,364.7675552368164,48.0,7.767555236816406
364.0,403.0,355.57086181640625,39.0,8.42913818359375
366.0,403.0,364.0,37.0,2.0
366.0,404.0,364.9953956604004,38.0,1.0046043395996094
373.0,404.0,364.9953956604004,31.0,8.00460433959961
370.0,405.0,374.0010166168213,35.0,4.001016616821289
372.0,404.0,369.0384292602539,32.0,2.9615707397460938
372.0,404.0,369.0384292602539,32.0,2.9615707397460938
372.0,406.0,371.03644943237305,34.0,0.9635505676269531
375.0,406.0,371.03644943237305,31.0,3.963550567626953
373.0,410.0,378.8811798095703,37.0,5.8811798095703125
382.0,410.0,373.6521186828613,28.0,8.347881317138672
366.0,410.0,382.0,44.0,16.0
375.0,411.0,360.15017318725586,36.0,14.84982681274414
374.0,411.0,374.9827079772949,37.0,0.9827079772949219
373.0,412.0,380.0032043457031,39.0,7.003204345703125
377.0,411.0,372.0005645751953,34.0,4.9994354248046875
381.0,411.0,376.9995536804199,30.0,4.000446319580078
377.0,412.0,381.9417495727539,35.0,4.941749572753906
379.0,412.0,377.8418884277344,33.0,1.158111572265625
379.0,414.0,379.8446235656738,35.0,0.8446235656738281
377.0,413.0,378.84606170654297,36.0,1.8460617065429688
375.0,413.0,378.84606170654297,38.0,3.8460617065429688
377.0,412.0,375.09449768066406,35.0,1.9055023193359375
377.0,412.0,375.09449768066406,35.0,1.9055023193359375
379.0,413.0,376.09410858154297,34.0,2.9058914184570312
381.0,413.0,376.094181060791,32.0,4.905818939208984
377.0,413.0,380.9521789550781,36.0,3.952178955078125
381.0,414.0,379.0825309753418,33.0,1.9174690246582031
379.0,414.0,379.0825309753418,35.0,0.08253097534179688
377.0,414.0,379.0859031677246,37.0,2.0859031677246094
381.0,417.0,382.08583068847656,36.0,1.0858306884765625
378.0,417.0,382.08583068847656,39.0,4.0858306884765625
375.0,415.0,376.6993293762207,40.0,1.6993293762207031
385.0,415.0,376.6993293762207,30.0,8.300670623779297
378.0,415.0,384.9994697570801,37.0,6.999469757080078
385.0,415.0,377.99964141845703,30.0,7.000358581542969
386.0,415.0,385.0,29.0,1.0
387.0,417.0,386.9956245422363,30.0,0.004375457763671875
383.0,417.0,386.9956245422363,34.0,3.995624542236328
385.0,416.0,382.57640838623047,31.0,2.4235916137695312
383.0,416.0,382.57585525512695,33.0,0.4241447448730469
383.0,416.0,382.57585525512695,33.0,0.4241447448730469
378.0,414.0,380.57666397094727,36.0,2.5766639709472656
385.0,414.0,380.57666397094727,29.0,4.423336029052734
387.0,415.0,385.9597454071045,28.0,1.0402545928955078
387.0,416.0,386.96012687683105,29.0,0.03987312316894531
385.0,416.0,386.96012687683105,31.0,1.9601268768310547
386.0,416.0,386.9604969024658,30.0,0.9604969024658203
382.0,416.0,386.9604969024658,34.0,4.96049690246582
379.0,417.0,383.74098205566406,38.0,4.7409820556640625
382.0,417.0,379.68721771240234,35.0,2.3127822875976562
391.0,419.0,379.2885055541992,28.0,11.711494445800781
385.0,418.0,391.41846466064453,33.0,6.418464660644531
385.0,418.0,384.99954986572266,33.0,0.00045013427734375
390.0,416.0,382.9985160827637,26.0,7.001483917236328
387.0,416.0,390.0,29.0,3.0
381.0,418.0,389.0644989013672,37.0,8.064498901367188
383.0,419.0,382.04589462280273,36.0,0.9541053771972656
379.0,419.0,382.04589462280273,40.0,3.0458946228027344
381.0,417.0,378.14699935913086,36.0,2.8530006408691406
383.0,417.0,378.14699935913086,34.0,4.853000640869141
379.0,415.0,380.98334884643555,36.0,1.9833488464355469
382.0,415.0,380.98099517822266,33.0,1.0190048217773438
383.0,415.0,380.98099517822266,32.0,2.0190048217773438
378.0,415.0,379.34549713134766,37.0,1.3454971313476562
381.0,415.0,379.34549713134766,34.0,1.6545028686523438
383.0,416.0,381.9802932739258,33.0,1.0197067260742188
385.0,412.0,377.9807472229004,27.0,7.019252777099609
382.0,412.0,385.0,30.0,3.0
381.0,410.0,380.30297470092773,29.0,0.6970252990722656
381.0,410.0,380.30297470092773,29.0,0.6970252990722656
380.0,413.0,383.29885482788086,33.0,3.2988548278808594
383.0,411.0,378.7630386352539,28.0,4.236961364746094
381.0,411.0,382.98388671875,30.0,1.98388671875
382.0,411.0,382.9821529388428,29.0,0.9821529388427734
380.0,411.0,382.9821529388428,31.0,2.9821529388427734
385.0,411.0,382.9832878112793,26.0,2.016712188720703
382.0,412.0,383.98345375061035,30.0,1.9834537506103516
386.0,412.0,383.98345375061035,26.0,2.0165462493896484
381.0,411.0,381.67181396484375,30.0,0.67181396484375
386.0,411.0,381.67181396484375,25.0,4.32818603515625
386.0,413.0,388.8982448577881,27.0,2.898244857788086
383.0,414.0,389.8982448577881,31.0,6.898244857788086
385.0,414.0,383.02196502685547,29.0,1.9780349731445312
386.0,412.0,381.02515602111816,26.0,4.974843978881836
388.0,412.0,385.9996566772461,24.0,2.0003433227539062
387.0,414.0,387.9988250732422,27.0,0.9988250732421875
390.0,415.0,388.99968338012695,25.0,1.0003166198730469
385.0,415.0,388.99968338012695,30.0,3.999683380126953
389.0,415.0,383.034704208374,26.0,5.965295791625977
389.0,415.0,388.9810333251953,26.0,0.0189666748046875
389.0,417.0,392.7723083496094,28.0,3.772308349609375
394.0,419.0,391.5048484802246,25.0,2.4951515197753906
390.0,419.0,391.5048484802246,29.0,1.5048484802246094
392.0,421.0,393.5055351257324,29.0,1.5055351257324219
392.0,421.0,393.5055351257324,29.0,1.5055351257324219
394.0,422.0,394.5066089630127,28.0,0.5066089630126953
396.0,423.0,395.508508682251,27.0,0.49149131774902344
395.0,423.0,395.508508682251,28.0,0.5085086822509766
397.0,423.0,395.5079154968262,26.0,1.4920845031738281
394.0,423.0,395.5079154968262,29.0,1.5079154968261719
397.0,426.0,398.50832176208496,29.0,1.508321762084961
396.0,426.0,398.5078010559082,30.0,2.507801055908203
401.0,426.0,398.5078010559082,25.0,2.492198944091797
403.0,426.0,398.50791358947754,23.0,4.492086410522461
399.0,426.0,402.99960708618164,27.0,3.9996070861816406
403.0,427.0,400.67308044433594,24.0,2.3269195556640625
402.0,427.0,400.6738033294678,25.0,1.3261966705322266
400.0,427.0,400.6738033294678,27.0,0.6738033294677734
405.0,426.0,399.6744689941406,21.0,5.325531005859375
402.0,426.0,405.00000190734863,24.0,3.000001907348633
405.0,428.0,404.55192947387695,23.0,0.4480705261230469
403.0,428.0,404.55198669433594,25.0,1.5519866943359375
401.0,428.0,404.55198669433594,27.0,3.5519866943359375
405.0,429.0,402.5918502807617,24.0,2.4081497192382812
407.0,429.0,402.5918502807617,22.0,4.408149719238281
407.0,430.0,408.0017719268799,23.0,1.0017719268798828
408.0,430.0,408.00107192993164,22.0,0.001071929931640625
406.0,430.0,408.00107192993164,24.0,2.0010719299316406
407.0,434.0,411.99942779541016,27.0,4.999427795410156
409.0,434.0,407.3109359741211,25.0,1.6890640258789062
408.0,431.0,402.042875289917,23.0,5.957124710083008
409.0,430.0,406.9943218231201,21.0,2.005678176879883
409.0,430.0,406.9943218231201,21.0,2.005678176879883
410.0,432.0,410.3631420135498,22.0,0.3631420135498047
409.0,432.0,410.3631420135498,23.0,1.3631420135498047
409.0,433.0,411.36227226257324,24.0,2.362272262573242
410.0,433.0,411.36253929138184,23.0,1.362539291381836
409.0,433.0,411.36253929138184,24.0,2.362539291381836
409.0,442.0,420.36109733581543,33.0,11.36109733581543
408.0,442.0,409.0009765625,34.0,1.0009765625
407.0,440.0,407.00103759765625,33.0,0.00103759765625
410.0,439.0,406.0011177062988,29.0,3.998882293701172
409.0,439.0,409.9993953704834,30.0,0.9993953704833984
410.0,439.0,409.9995574951172,29.0,0.0004425048828125
409.0,439.0,409.9995574951172,30.0,0.9995574951171875
410.0,440.0,411.0019016265869,30.0,1.001901626586914
413.0,438.0,409.0028190612793,25.0,3.997180938720703
409.0,438.0,412.9989356994629,29.0,3.9989356994628906
412.0,440.0,411.7761917114258,28.0,0.22380828857421875
415.0,440.0,411.7761917114258,25.0,3.2238082885742188
415.0,438.0,412.87451362609863,23.0,2.125486373901367
408.0,439.0,413.8756732940674,31.0,5.875673294067383
412.0,439.0,408.4830513000488,27.0,3.516948699951172
414.0,443.0,414.4468574523926,29.0,0.4468574523925781
413.0,443.0,414.4468574523926,30.0,1.4468574523925781
410.0,443.0,414.4115962982178,33.0,4.411596298217773
408.0,438.0,407.5511302947998,30.0,0.4488697052001953
412.0,438.0,407.5511302947998,26.0,4.448869705200195
412.0,440.0,413.9999942779541,28.0,1.9999942779541016
417.0,440.0,413.9999942779541,23.0,3.0000057220458984
414.0,444.0,420.985200881958,30.0,6.985200881958008
412.0,444.0,414.02524757385254,32.0,2.025247573852539
417.0,444.0,413.5455551147461,27.0,3.4544448852539062
417.0,441.0,414.17297744750977,24.0,2.8270225524902344
416.0,441.0,414.17297744750977,25.0,1.8270225524902344
415.0,444.0,417.1728229522705,29.0,2.172822952270508
416.0,444.0,417.1728229522705,28.0,1.1728229522705078
419.0,446.0,419.171875,27.0,0.171875
421.0,448.0,419.19799613952637,27.0,1.8020038604736328
419.0,448.0,419.19799613952637,29.0,0.1979961395263672
422.0,446.0,419.1730785369873,24.0,2.8269214630126953
417.0,446.0,419.1730785369873,29.0,2.1730785369873047
420.0,446.0,419.17409324645996,26.0,0.8259067535400391
423.0,447.0,420.1726245880127,24.0,2.8273754119873047
422.0,447.0,420.1726245880127,25.0,1.8273754119873047
421.0,449.0,422.17238998413086,28.0,1.1723899841308594
419.0,449.0,422.17238998413086,30.0,3.1723899841308594
416.0,446.0,416.74091720581055,30.0,0.7409172058105469
422.0,450.0,420.7393436431885,28.0,1.2606563568115234
425.0,450.0,420.7393436431885,25.0,4.260656356811523
423.0,449.0,423.999963760376,26.0,0.9999637603759766
423.0,449.0,423.999963760376,26.0,0.9999637603759766
420.0,449.0,423.99975967407227,29.0,3.9997596740722656
425.0,450.0,421.71273612976074,25.0,3.287263870239258
425.0,450.0,424.899959564209,25.0,0.10004043579101562
426.0,452.0,426.89859199523926,26.0,0.8985919952392578
420.0,452.0,426.89859199523926,32.0,6.898591995239258
426.0,454.0,422.1018257141113,28.0,3.898174285888672
422.0,453.0,424.95254135131836,31.0,2.9525413513183594
426.0,453.0,424.95254135131836,27.0,1.0474586486816406
419.0,457.0,428.9510326385498,38.0,9.951032638549805
428.0,457.0,418.99793243408203,29.0,9.002067565917969
426.0,457.0,428.00182151794434,31.0,2.001821517944336
428.0,455.0,426.0018768310547,27.0,1.9981231689453125
425.0,455.0,426.0018768310547,30.0,1.0018768310546875
422.0,457.0,428.0021629333496,35.0,6.002162933349609
423.0,457.0,421.998836517334,34.0,1.0011634826660156
429.0,458.0,422.33526611328125,29.0,6.66473388671875
427.0,455.0,426.4645576477051,28.0,0.5354423522949219
427.0,455.0,426.4645576477051,28.0,0.5354423522949219
427.0,457.0,428.46257972717285,30.0,1.4625797271728516
429.0,457.0,428.46257972717285,28.0,0.5374202728271484
430.0,457.0,426.1908893585205,27.0,3.809110641479492
425.0,458.0,432.30596351623535,33.0,7.305963516235352
427.0,458.0,425.01663970947266,31.0,1.9833602905273438
430.0,458.0,422.8979034423828,28.0,7.1020965576171875
425.0,458.0,429.9999752044678,33.0,4.999975204467773
427.0,459.0,428.2518081665039,32.0,1.2518081665039062
429.0,459.0,428.249849319458,30.0,0.7501506805419922
423.0,459.0,428.249849319458,36.0,5.249849319458008
421.0,457.0,421.47279357910156,36.0,0.4727935791015625
429.0,457.0,421.47279357910156,28.0,7.5272064208984375
428.0,457.0,428.9991569519043,29.0,0.9991569519042969
428.0,459.0,430.9956588745117,31.0,2.9956588745117188
425.0,459.0,430.9956588745117,34.0,5.995658874511719
427.0,457.0,423.0071792602539,30.0,3.9928207397460938
430.0,457.0,426.97070503234863,27.0,3.029294967651367
427.0,459.0,431.79992866516113,32.0,4.799928665161133
428.0,459.0,427.6042995452881,31.0,0.39570045471191406
427.0,459.0,427.6042995452881,32.0,0.6042995452880859
426.0,458.0,426.6054973602295,32.0,0.6054973602294922
428.0,458.0,426.6054973602295,30.0,1.3945026397705078
428.0,458.0,426.6027946472168,30.0,1.3972053527832031
421.0,458.0,426.6023464202881,37.0,5.602346420288086
428.0,458.0,421.6085891723633,30.0,6.391410827636719
426.0,458.0,428.00011444091797,32.0,2.0001144409179688
423.0,458.0,428.00011444091797,35.0,5.000114440917969
423.0,460.0,425.26938247680664,37.0,2.2693824768066406
427.0,458.0,423.26808166503906,31.0,3.7319183349609375
427.0,458.0,426.84663581848145,31.0,0.1533641815185547
422.0,462.0,430.84367752075195,40.0,8.843677520751953
427.0,462.0,422.0012855529785,35.0,4.998714447021484
425.0,461.0,425.99514389038086,36.0,0.9951438903808594
425.0,463.0,427.9923782348633,38.0,2.9923782348632812
428.0,463.0,427.9923782348633,35.0,0.00762176513671875
428.0,462.0,426.9928550720215,34.0,1.0071449279785156
423.0,462.0,426.9928550720215,39.0,3.9928550720214844
427.0,464.0,425.99243927001953,37.0,1.0075607299804688
428.0,465.0,425.8392753601074,37.0,2.160724639892578
432.0,465.0,425.8392753601074,33.0,6.160724639892578
422.0,463.0,430.68932723999023,41.0,8.689327239990234
426.0,463.0,421.99356842041016,37.0,4.006431579589844
425.0,465.0,427.88876724243164,40.0,2.8887672424316406
423.0,466.0,428.8863525390625,43.0,5.8863525390625
426.0,466.0,423.6904945373535,40.0,2.3095054626464844
428.0,465.0,422.69135665893555,37.0,5.308643341064453
432.0,465.0,427.9907035827637,33.0,4.009296417236328
425.0,464.0,430.9608497619629,39.0,5.960849761962891
427.0,464.0,425.52428436279297,37.0,1.4757156372070312
427.0,464.0,425.52428436279297,37.0,1.4757156372070312
426.0,465.0,426.5228614807129,39.0,0.5228614807128906
427.0,465.0,426.5228614807129,38.0,0.4771385192871094
428.0,466.0,427.52184295654297,38.0,0.47815704345703125
430.0,468.0,429.52025985717773,38.0,0.4797401428222656
430.0,468.0,429.52025985717773,38.0,0.4797401428222656
432.0,468.0,429.5197296142578,36.0,2.4802703857421875
426.0,468.0,429.5197296142578,42.0,3.5197296142578125
430.0,468.0,426.9087715148926,38.0,3.091228485107422
430.0,468.0,429.13904190063477,38.0,0.8609580993652344
427.0,468.0,429.13904190063477,41.0,2.1390419006347656
427.0,467.0,428.1390495300293,40.0,1.1390495300292969
427.0,467.0,428.1390495300293,40.0,1.1390495300292969
432.0,468.0,426.6199836730957,36.0,5.380016326904297
429.0,468.0,431.45769119262695,39.0,2.457691192626953
428.0,469.0,434.23033142089844,41.0,6.2303314208984375
425.0,469.0,428.47558975219727,44.0,3.4755897521972656
429.0,469.0,426.0354537963867,40.0,2.9645462036132812
427.0,469.0,426.03675842285156,42.0,0.9632415771484375
426.0,469.0,426.03675842285156,43.0,0.0367584228515625
430.0,471.0,428.0382995605469,41.0,1.961700439453125
426.0,471.0,428.0397491455078,45.0,2.0397491455078125
432.0,471.0,428.0397491455078,39.0,3.9602508544921875
427.0,469.0,429.0613784790039,42.0,2.0613784790039062
429.0,469.0,429.0613784790039,40.0,0.06137847900390625
430.0,468.0,428.6870002746582,38.0,1.3129997253417969
430.0,468.0,428.6858024597168,38.0,1.3141975402832031
445.0,468.0,428.6858024597168,23.0,16.314197540283203
435.0,470.0,446.9256076812744,35.0,11.925607681274414
433.0,470.0,435.0000419616699,37.0,2.000041961669922
435.0,469.0,434.0002975463867,34.0,0.9997024536132812
432.0,470.0,434.9994430541992,38.0,2.9994430541992188
433.0,470.0,434.9994430541992,37.0,1.9994430541992188
434.0,470.0,432.78892517089844,36.0,1.2110748291015625
433.0,470.0,432.78892517089844,37.0,0.2110748291015625
434.0,470.0,435.0003128051758,36.0,1.0003128051757812
435.0,473.0,437.9992256164551,38.0,2.999225616455078
433.0,473.0,437.9992256164551,40.0,4.999225616455078
432.0,472.0,432.00071716308594,40.0,0.0007171630859375
433.0,472.0,432.00071716308594,39.0,0.9992828369140625
434.0,472.0,432.0005645751953,38.0,1.9994354248046875
428.0,471.0,431.0000190734863,43.0,3.000019073486328
436.0,471.0,429.4638442993164,35.0,6.536155700683594
433.0,474.0,438.99977111816406,41.0,5.9997711181640625
432.0,474.0,433.2212104797363,42.0,1.2212104797363281
432.0,475.0,434.22179412841797,43.0,2.2217941284179688
439.0,475.0,434.22096252441406,36.0,4.7790374755859375
430.0,475.0,438.9681701660156,45.0,8.968170166015625
441.0,476.0,431.0048179626465,35.0,9.995182037353516
440.0,476.0,441.0,36.0,1.0
440.0,475.0,440.0008735656738,35.0,0.000873565673828125
442.0,485.0,450.0006866455078,43.0,8.000686645507812
447.0,485.0,441.9998092651367,38.0,5.000190734863281
442.0,485.0,446.9977836608887,43.0,4.997783660888672
439.0,485.0,442.783634185791,46.0,3.7836341857910156
443.0,486.0,440.3428421020508,43.0,2.6571578979492188
446.0,486.0,440.9939880371094,40.0,5.006011962890625
447.0,486.0,445.9683837890625,39.0,1.0316162109375
445.0,485.0,444.9681053161621,40.0,0.031894683837890625
445.0,485.0,444.9681053161621,40.0,0.031894683837890625
449.0,485.0,444.96950912475586,36.0,4.030490875244141
443.0,483.0,446.88148498535156,40.0,3.8814849853515625
448.0,483.0,443.824275970459,35.0,4.175724029541016
450.0,484.0,448.91832733154297,34.0,1.0816726684570312
447.0,484.0,448.91832733154297,37.0,1.9183273315429688
442.0,483.0,447.9201889038086,41.0,5.920188903808594
446.0,486.0,445.54547119140625,40.0,0.45452880859375
446.0,486.0,445.54547119140625,40.0,0.45452880859375
449.0,486.0,444.99942779541016,37.0,4.000572204589844
449.0,486.0,448.4744529724121,37.0,0.5255470275878906
452.0,487.0,449.4697494506836,35.0,2.5302505493164062
450.0,485.0,447.4620666503906,35.0,2.537933349609375
450.0,485.0,447.4620666503906,35.0,2.537933349609375
449.0,487.0,449.4686088562012,38.0,0.4686088562011719
449.0,487.0,449.4686088562012,38.0,0.4686088562011719
450.0,488.0,450.90008544921875,38.0,0.90008544921875
